id,name,light,number,address,activate,no_available,total_bases,dock_bikes,free_bases,reservations_count,geometry_type,geometry_coordinates
1,Puerta del Sol A,2,1a,Puerta del Sol nº 1,1,0,30,15,11,0,Point,"[-3.7018341, 40.4172137]"
2,Puerta del Sol B,1,1b,Puerta del Sol nº 1,1,0,30,22,4,0,Point,"[-3.701602938060457, 40.41731271011562]"
3,Miguel Moya,2,2,Calle Miguel Moya nº 1,1,0,24,12,11,0,Point,"[-3.7058415, 40.4205886]"
4,Plaza Conde Suchil,0,3,Plaza del Conde del Valle de Súchil nº 3,1,0,18,4,11,0,Point,"[-3.7069171, 40.4302937]"
5,Malasaña,2,4,Calle Manuela Malasaña nº 5,1,0,24,12,12,0,Point,"[-3.7025875, 40.4285524]"
6,Fuencarral,2,5,Calle Fuencarral nº 108,1,0,27,15,10,0,Point,"[-3.70205, 40.42852]"
7,Colegio Arquitectos,1,6,Calle Hortaleza nº 63,1,0,24,20,1,0,Point,"[-3.698447, 40.424148]"
8,Hortaleza,2,7,Calle Hortaleza nº 75,1,0,21,10,11,0,Point,"[-3.6977715, 40.4251906]"
9,Alonso Martínez,2,8,Plaza de Alonso Martínez nº 5,1,0,24,8,14,0,Point,"[-3.6954403, 40.4278682]"
10,Plaza de San Miguel,2,9,Plaza de San Miguel nº 9,1,0,24,15,7,0,Point,"[-3.7095084, 40.4156057]"
11,Marqués de la Ensenada,0,10,Calle Marqués de la Ensenada nº 16,1,0,24,0,22,0,Point,"[-3.69214, 40.42533]"
12,San Andrés,2,11,Calle San Andrés nº 18,1,0,24,13,10,0,Point,"[-3.7035918, 40.4269483]"
13,San Hermenegildo,2,12,Calle San Bernardo nº 85,1,0,24,11,13,0,Point,"[-3.7061931, 40.4284246]"
14,Conde Duque,0,13,Calle Conde Duque nº 22,1,0,24,6,16,0,Point,"[-3.7104417, 40.4273264]"
15,Ventura Rodríguez,2,14,Calle Duque de Liria,1,0,24,10,13,0,Point,"[-3.713479, 40.4260957]"
16,San Vicente Ferrer,2,15,Calle San Vicente Ferrer nº 64,1,0,21,7,13,0,Point,"[-3.7074453, 40.4262383]"
17,San Bernardo,2,16,Calle San Bernardo nº 22,1,0,21,14,7,0,Point,"[-3.7075065, 40.4230721]"
18,Carlos Cambronero,0,17,Plaza de Carlos Cambronero nº 2,1,0,24,5,18,0,Point,"[-3.7038312, 40.4232649]"
19,Plaza de Pedro Zerolo,1,18,Plaza de Pedro Zerolo nº 1,1,0,24,15,3,0,Point,"[-3.6996502, 40.4207773]"
20,Prim,3,19,Calle Prim nº 2,1,1,24,0,0,0,Point,"[-3.6954983, 40.4218616]"
21,Banco de España A,3,20a,Calle Alcalá nº 49,1,1,30,0,0,0,Point,"[-3.6954615, 40.4192342]"
25,Jacometrezo,1,22,Calle Jacometrezo nº 3,1,0,24,21,3,0,Point,"[-3.7065376, 40.4200783]"
26,Santo Domingo,1,23,Plaza de Santo Domingo nº 1,1,0,24,17,7,0,Point,"[-3.7081246, 40.4202834]"
27,Palacio de Oriente,2,24,Calle Carlos III nº 1,1,0,24,9,11,0,Point,"[-3.710692, 40.417908]"
28,Plaza de Celenque A,0,25a,Plaza de Celenque nº 1,1,0,24,1,22,0,Point,"[-3.7057791, 40.4173703]"
29,Plaza de Celenque B,0,25b,Plaza de Celenque nº 1,1,0,24,6,18,0,Point,"[-3.7063837, 40.4172781]"
30,Plaza de las Salesas,0,26,Plaza de las Salesas 7,1,0,24,1,20,0,Point,"[-3.694475, 40.423855]"
31,Huertas,2,27,Calle Jesús nº 1,1,0,24,10,12,0,Point,"[-3.6956178, 40.4132798]"
32,Sevilla,1,28,Calle Alcalá nº 27,1,0,24,17,2,0,Point,"[-3.6984368, 40.4181518]"
33,Marqués de Cubas,2,29,Calle del Marqués de Cubas nº 25,1,0,24,8,14,0,Point,"[-3.6957355, 40.4162619]"
34,San Quintín,0,30,Calle Pavía nº 6,1,0,27,6,19,0,Point,"[-3.711504, 40.4192095]"
35,Calle Mayor,2,31,Calle Mayor nº 20,1,0,27,15,9,0,Point,"[-3.7068969, 40.4163638]"
36,Plaza de la Provincia,2,32,Plaza de la Provincia nº 1,1,0,18,12,6,0,Point,"[-3.7061032, 40.4150099]"
37,Carretas,3,33,Calle Carretas nº 8,1,1,21,0,0,0,Point,"[-3.7030833, 40.4165039]"
38,Jacinto Benavente,1,34,Plaza de Jacinto Benavente,1,0,24,19,3,0,Point,"[-3.7036825, 40.4146755]"
39,Plaza del Cordón,1,35,Plaza del Cordón,1,0,24,18,6,0,Point,"[-3.7103285, 40.4141931]"
40,Plaza Ramales,2,36,Plaza de Ramales,1,0,24,8,16,0,Point,"[-3.71183, 40.4168]"
41,Plaza de San Francisco,2,37,Plaza de San Francisco nº 5,1,0,24,13,10,0,Point,"[-3.714113, 40.4108]"
42,Plaza de los Carros,1,38,Carrera de San Francisco nº 1,1,0,24,20,3,0,Point,"[-3.7114762, 40.4114041]"
43,Plaza de la Cebada,1,39,"Plaza de la Cebada nº 16 ",1,0,27,25,1,0,Point,"[-3.7088337, 40.4112744]"
44,Conde de Romanones,1,40,Plaza del Conde de Romanones nº 9,1,0,24,23,1,0,Point,"[-3.7049407, 40.4138846]"
45,Antón Martín,1,41,Calle Atocha nº 54,1,0,18,13,2,0,Point,"[-3.6991147, 40.4122047]"
46,Santa Isabel,1,42,Calle Atocha nº 95,1,0,24,20,3,0,Point,"[-3.6982318, 40.4107085]"
47,Jesús y María,2,43,Calle Lavapiés nº 34,1,0,24,13,10,0,Point,"[-3.7025024, 40.4101564]"
48,Plaza de Nelson Mandela,2,44,Calle Mesón de Paredes nº 35,1,0,21,8,11,0,Point,"[-3.7040666, 40.4097617]"
49,Puerta de Toledo,2,45,Glorieta de la Puerta de Toledo nº 1,1,0,21,8,12,0,Point,"[-3.7110513, 40.4070358]"
50,Ribera de Curtidores,2,46,Calle Ribera de Curtidores nº 28,1,0,24,12,11,0,Point,"[-3.7071259, 40.4053153]"
51,Embajadores 1,0,47,Glorieta de Embajadores nº 6,1,0,24,3,15,0,Point,"[-3.7028265, 40.4047851]"
52,Embajadores 2,0,48,Glorieta de Embajadores nº 2,1,0,24,3,21,0,Point,"[-3.7022591, 40.4056107]"
53,Casa Encendida,2,49,Ronda de Atocha nº 34,1,0,24,12,12,0,Point,"[-3.6992759, 40.4060941]"
54,Museo Reina Sofía,2,50,Calle Santa Isabel nº 57,1,0,24,16,8,0,Point,"[-3.6933463, 40.4083684]"
55,Ronda de Atocha,1,51,Ronda de Atocha nº 2,1,0,27,21,3,0,Point,"[-3.6935205, 40.4075606]"
56,Plaza de Santa Ana,1,52,Plaza de Santa Ana nº 10,1,0,24,22,2,0,Point,"[-3.7007164, 40.4144226]"
57,Plaza de Lavapiés,1,53,Calle Valencia nº 1,1,0,24,20,2,0,Point,"[-3.7007111, 40.4083061]"
58,Barceló,1,54,Calle Barceló nº 7,1,0,21,18,2,0,Point,"[-3.700423, 40.4266828]"
59,Plaza de San Ildefonso,2,55,Plaza de San Ildefonso,1,0,24,8,14,0,Point,"[-3.7020842, 40.4239757]"
60,"Plaza del Carmen ",2,56,Plaza del Carmen nº 1,1,0,24,7,13,0,Point,"[-3.7032414, 40.4184192]"
61,Santa Cruz del Marcenado,0,57,Calle Santa Cruz del Marcenado nº 24,1,0,24,5,18,0,Point,"[-3.7126299, 40.4295658]"
62,Augusto Figueroa,1,58,Calle Augusto Figueroa nº 33,1,0,24,19,2,0,Point,"[-3.697895, 40.4222862]"
63,Plaza de Juan Pujol,0,59,Calle Espíritu Santo nº 30,1,0,21,2,17,0,Point,"[-3.7043418, 40.4255495]"
64,Plaza de la Independencia,1,60,Plaza de la Independencia nº 6,1,0,24,19,1,0,Point,"[-3.688398, 40.419752]"
65,Narváez,1,61,Calle O'Donnell nº 28,1,0,24,17,7,0,Point,"[-3.6752045, 40.4213983]"
66,O'Donnell,0,62,Calle O'Donnell nº 50,1,0,24,7,16,0,Point,"[-3.6724968, 40.4213148]"
67,Ibiza,2,63,Calle Ibiza nº 62,1,0,24,9,13,0,Point,"[-3.6708959, 40.4179237]"
69,Antonio Maura,2,65,Calle Antonio Maura nº 15,1,0,24,9,14,0,Point,"[-3.6894193, 40.4166834]"
71,Almadén,1,67,Calle Almadén nº 28,1,0,24,15,5,0,Point,"[-3.693225, 40.4108472]"
72,Espalter,2,68,Calle Espalter nº 1,1,0,21,7,10,0,Point,"[-3.6912023, 40.4128372]"
73,Puerta del Ángel Caído,1,69,Avenida de Alfonso XII nº 54,1,0,27,16,6,0,Point,"[-3.688822, 40.409808]"
74,Puerta del Doce de Octubre,2,70,Avenida de Menéndez Pelayo nº 63,1,0,24,9,14,0,Point,"[-3.6779232, 40.4153053]"
75,Doce de Octubre,2,71,Calle Doce de Octubre nº 28,1,0,24,16,7,0,Point,"[-3.6738865, 40.4159569]"
76,Sainz de Baranda,2,72,Calle Doctor Esquerdo nº 99,1,0,24,11,12,0,Point,"[-3.6691838, 40.4157413]"
77,Plaza de los Astros,2,73,Avenida de Nazaret nº 7,1,0,24,11,12,0,Point,"[-3.6689089, 40.4114475]"
78,"Puerta del Pacífico ",1,74,Avenida de Menéndez Pelayo nº 73,1,0,24,21,1,0,Point,"[-3.6766813, 40.4117627]"
79,Menéndez Pelayo,0,75,Avenida de Menéndez Pelayo con calle Poeta Esteban Villegas,1,0,24,3,19,0,Point,"[-3.6784838, 40.4082805]"
80,Puerta de Mariano de Cavia,2,76,Avenida del Mediterráneo nº 19,1,0,24,8,15,0,Point,"[-3.6751352, 40.4071304]"
81,Conde de Casal,0,77,Plaza del Conde de Casal nº 8,1,0,22,5,15,0,Point,"[-3.670422, 40.40635]"
82,Pedro Bosch,0,78,Calle Cerro de la Plata nº 2,1,0,24,5,17,0,Point,"[-3.6744, 40.400789]"
83,Puerta de Granada,1,79,Avenida de Menéndez Pelayo nº 38,1,0,24,19,3,0,Point,"[-3.6803874, 40.4051451]"
84,Atocha A,2,80a,Paseo de la Infanta Isabel nº 3,1,0,24,10,12,0,Point,"[-3.6902255, 40.4075685]"
85,Atocha B,1,80b,Paseo de la Infanta Isabel nº 3,1,0,27,21,6,0,Point,"[-3.6901234, 40.4074902]"
86,Cuesta de Moyano,1,81,Cuesta de Claudio Moyano,1,0,24,21,0,0,Point,"[-3.691987, 40.409297]"
87,Niño Jesús,2,82,Calle Doctor Esquerdo nº 161,1,0,24,9,14,0,Point,"[-3.6697526, 40.4084556]"
88,Pío Baroja,1,83,Calle Pío Baroja nº 10,1,0,24,20,4,0,Point,"[-3.6745323, 40.4132995]"
89,Valderribas,2,84,Calle Doctor Esquerdo nº 191,1,0,24,10,14,0,Point,"[-3.6726019, 40.4032501]"
90,Puerta de Madrid,2,85,Avenida de Menéndez Pelayo esquina calle O'Donnell,1,0,27,10,16,0,Point,"[-3.680008, 40.421501]"
91,Cibeles,2,86,Plaza Cibeles,1,0,21,6,9,0,Point,"[-3.6933498, 40.4186516]"
92,Ayala,1,87,Calle Ayala nº 44,1,0,24,19,4,0,Point,"[-3.6832566, 40.427736]"
93,Embajada de Italia,2,88,Calle Velázquez nº 75,1,0,24,9,10,0,Point,"[-3.6838303, 40.4313576]"
94,Conde Peñalver,1,89,Calle Ayala nº 102,1,0,24,19,4,0,Point,"[-3.6752024, 40.4272582]"
95,General Pardiñas,2,90,Calle Goya nº 18,1,0,30,11,14,0,Point,"[-3.6837876, 40.4250361]"
96,Príncipe de Vergara,2,91,Calle Hermosilla nº 70,1,0,24,13,10,0,Point,"[-3.6787441, 40.426134]"
97,Claudio Coello,0,92,Calle Claudio Coello nº 45,1,0,24,5,16,0,Point,"[-3.6865463, 40.4262945]"
98,Plaza de Colón,0,93,Calle Goya nº 1,1,0,24,4,17,0,Point,"[-3.6893698, 40.4257046]"
99,Biblioteca Nacional,0,94,Paseo de Recoletos nº 20,1,0,21,2,18,0,Point,"[-3.690756, 40.4232153]"
100,Villanueva,2,95,Calle Claudio Coello nº 109,1,0,24,10,13,0,Point,"[-3.6870548, 40.4226584]"
101,Castelló,2,96,Calle Alcalá nº 111,1,0,27,16,10,0,Point,"[-3.6821793, 40.422064]"
102,Alcalá,2,97,Avenida de Menéndez Pelayo nº 3,1,0,27,9,16,0,Point,"[-3.6805189, 40.4222969]"
103,Plaza de Felipe II,2,98,Plaza de Felipe II,1,0,24,8,13,0,Point,"[-3.6758383, 40.4239447]"
104,Alcántara,1,99,Calle Alcántara nº 2,1,0,24,18,5,0,Point,"[-3.6738714, 40.4261851]"
105,Palacio de Deportes,2,100,Calle Goya nº 99,1,0,24,9,13,0,Point,"[-3.67384, 40.42478]"
106,Jorge Juan,2,101,Calle Jorge Juan nº 131,1,0,24,8,16,0,Point,"[-3.6691524, 40.4231526]"
107,Velázquez,1,102,Calle Alcalá nº 95,1,0,24,22,2,0,Point,"[-3.6840229, 40.4211802]"
108,Ortega y Gasset,0,103,Calle José Ortega y Gasset nº 4,1,0,24,5,18,0,Point,"[-3.68653, 40.43037]"
109,Castellana,2,104,Paseo de la Castellana nº 4,1,0,21,8,13,0,Point,"[-3.68958, 40.42677]"
110,Serrano,2,105,Calle Serrano nº 54,1,0,24,9,13,0,Point,"[-3.68745, 40.42699]"
111,Colón A,2,106a,Calle Serrano nº 34,1,0,18,10,8,0,Point,"[-3.6877227, 40.4251002]"
112,Colón B,2,106b,Calle Serrano nº 34,1,0,18,9,9,0,Point,"[-3.687745, 40.424963]"
113,Columela,0,107,Calle Serrano nº 8,1,0,24,2,21,0,Point,"[-3.6884369, 40.4215246]"
114,Mártires Concepcionistas,0,108,Calle Mártires Concepcionistas nº 2,1,0,27,8,18,0,Point,"[-3.6706024, 40.4273005]"
115,Marqués de Salamanca,3,109,Calle José Ortega y Gasset nº 30,1,1,24,0,0,0,Point,"[-3.6816402, 40.4300481]"
116,Moncloa,2,110,Paseo de Moret nº 2,1,0,24,13,10,0,Point,"[-3.7200845, 40.4347895]"
117,Arcipreste de Hita A,1,111a,Calle Arcipreste de Hita nº 12,1,0,24,20,4,0,Point,"[-3.7175435, 40.4337322]"
118,Arcipreste de Hita B,2,111b,Calle Arcipreste de Hita nº 12,1,0,24,11,13,0,Point,"[-3.7179687, 40.4341006]"
119,Paseo de Moret,2,112,Paseo de Moret nº 11,1,0,24,13,11,0,Point,"[-3.7246532, 40.4325991]"
120,Pintor Rosales,2,113,Paseo del Pintor Rosales frente al nº 38,1,0,24,12,12,0,Point,"[-3.7205129, 40.427657]"
121,Quintana,2,114,Calle Quintana nº 11,1,0,24,10,13,0,Point,"[-3.7174158, 40.4277456]"
122,Ferraz,2,115,Calle Evaristo San Miguel nº 2,1,0,24,13,10,0,Point,"[-3.7170448, 40.4253944]"
123,Plaza de España A,3,116a,Calle Princesa nº 5,1,1,24,0,0,0,Point,"[-3.711603, 40.42402]"
124,Plaza de España B,3,116b,Calle Princesa nº 5,1,1,24,0,0,0,Point,"[-3.711703, 40.42412]"
125,Altamirano,2,117,Calle Altamirano nº 24,1,0,24,13,10,0,Point,"[-3.7188898, 40.4309797]"
126,Juan Martín,0,118,Calle Juan Martín el Empecinado nº 16,1,0,24,6,17,0,Point,"[-3.6882407, 40.400781]"
127,Méndez Álvaro,2,119,Calle Méndez Álvaro nº 11,1,0,24,15,9,0,Point,"[-3.6863218, 40.4013216]"
128,Palos de la Frontera,2,120,Calle Palos de la Frontera nº 27,1,0,24,11,12,0,Point,"[-3.6944768, 40.4032208]"
129,Santa María de la Cabeza,2,121,Paseo de Santa María de la Cabeza nº 58,1,0,24,16,7,0,Point,"[-3.6987665, 40.4017926]"
130,Santa Engracia 14,2,122,Calle Santa Engracia nº 14,1,0,24,9,14,0,Point,"[-3.6967169, 40.4291992]"
131,Guzmán el Bueno,2,123,Calle Guzmán el Bueno nº 1,1,0,24,9,14,0,Point,"[-3.7133412, 40.4306458]"
132,Paseo de la Florida,2,161,Paseo de la Florida nº 8,1,0,27,11,14,0,Point,"[-3.7224983, 40.4219665]"
133,Metro Pirámides,2,162,Paseo de los Olmos nº 28,1,0,24,13,8,0,Point,"[-3.7108108, 40.4034076]"
134,Paseo de la Esperanza,2,163,Paseo de la Esperanza nº 2,1,0,21,6,10,0,Point,"[-3.7064516, 40.4035988]"
135,Entrada Matadero,1,165,Paseo de la Chopera nº 14,1,0,27,19,6,0,Point,"[-3.6975708, 40.3928821]"
136,Paseo de las Delicias,2,164,Paseo de las Delicias nº 92,1,0,24,14,9,0,Point,"[-3.6945025, 40.3972616]"
137,Castellana 164,1,157,Paseo de la Castellana nº 164,1,0,24,19,5,0,Point,"[-3.6894151, 40.4591366]"
138,Alberto Alcocer,2,158,Avenida de Alberto Alcocer nº 22,1,0,24,10,11,0,Point,"[-3.684715, 40.4585318]"
139,San Germán 57,2,155,Calle San Germán nº 57,1,0,24,13,11,0,Point,"[-3.7009675, 40.4572824]"
140,Sor Ángela de la Cruz,2,156,Calle Sor Ángela de la Cruz nº 2,1,0,24,13,11,0,Point,"[-3.691533, 40.4592351]"
141,Orense 36,2,154,Calle Orense nº 36,1,0,24,11,13,0,Point,"[-3.6946218, 40.4548456]"
142,General Perón 1,0,152,Avenida del General Perón frente al nº 4,1,0,24,7,16,0,Point,"[-3.6990077, 40.4527164]"
143,General Perón con Poeta Joan Maragall,1,153,Avenida del General Perón frente al nº 36,1,0,24,18,5,0,Point,"[-3.693085, 40.4522454]"
144,Serrano 210,2,148,Calle Serrano nº 210,1,0,24,9,15,0,Point,"[-3.6817962, 40.4510188]"
145,Orense 12,2,151,Calle Orense nº 12,1,0,24,13,8,0,Point,"[-3.6952943, 40.4489101]"
146,Paseo de la Habana 42,2,149,Paseo de la Habana nº 42,1,0,24,10,14,0,Point,"[-3.6881689, 40.4498613]"
147,Castellana frente a Hermanos Pinzón,2,150,Paseo de la Castellana nº 122,1,0,24,13,7,0,Point,"[-3.6905604, 40.4488924]"
148,Doctor Arce 45,2,147,Avenida del Doctor Arce nº 45,1,0,24,9,15,0,Point,"[-3.6797296, 40.4483269]"
149,Glorieta de los Cuatro Caminos,0,132,Calle Santa Engracia nº 168,1,0,24,3,17,0,Point,"[-3.7036675, 40.4463667]"
150,Raimundo Fernández,2,133,Calle Raimundo Fernández Villaverde nº 33,1,0,24,9,14,0,Point,"[-3.7001669, 40.447125]"
151,Castellana 106,1,136,Paseo de la Castellana nº 106,1,0,24,19,3,0,Point,"[-3.690861, 40.4453307]"
152,Plaza de la República Argentina,2,137,Plaza de la República Argentina nº 6,1,0,24,12,11,0,Point,"[-3.6853312, 40.445411]"
153,Agustín de Betancourt,0,134,Calle María de Guzmán nº 58,1,0,24,5,18,0,Point,"[-3.6956047, 40.4440297]"
154,Paseo de la Castellana con Raimundo Fernández,2,138,Paseo de la Castellana esquina calle Raimundo Fernández Villaverde,1,0,24,12,10,0,Point,"[-3.6917932, 40.4457414]"
155,María Francisca 1,0,146,Calle María Francisca nº 1,1,0,18,2,15,0,Point,"[-3.6787169, 40.4442258]"
156,Bravo Murillo 44,2,131,Calle Bravo Murillo nº 44,1,0,24,10,14,0,Point,"[-3.7040344, 40.4418402]"
157,Santa Engracia 127,2,130,Calle Santa Engracia nº 127,1,0,20,6,12,0,Point,"[-3.70164, 40.44156]"
158,Plaza de San Juan de la Cruz,2,135,Plaza de San Juan de la Cruz nº 11,1,0,24,11,13,0,Point,"[-3.6927821, 40.4415974]"
159,"José Gutiérrez Abascal ",2,139,Calle José Gutiérrez Abascal nº 2,1,0,24,12,8,0,Point,"[-3.6907784, 40.4396792]"
160,Cea Bermúdez,0,128,Calle Cea Bermúdez nº 59,1,0,27,1,24,0,Point,"[-3.7154329, 40.438994]"
161,José Abascal,2,129,Calle José Abascal nº 33,1,0,24,11,13,0,Point,"[-3.6982353, 40.4383865]"
162,Velázquez 130,2,140,Calle Velázquez nº 130,1,0,27,17,10,0,Point,"[-3.6831578, 40.4385127]"
163,General Álvarez de Castro,1,126,Calle del General Álvarez de Castro nº 1,1,0,24,15,6,0,Point,"[-3.7015686, 40.4344731]"
164,"General Martínez Campos ",0,125,Calle Fernández de la Hoz nº 29,1,0,24,0,20,0,Point,"[-3.6948626, 40.435285]"
165,Paseo de la Castellana - Glorieta de Emilio Castelar,2,141,Paseo de la Castellana nº 43,1,0,12,4,8,0,Point,"[-3.6892368, 40.4355143]"
166,Diego de León 52,2,143,Calle Diego de León nº 52,1,0,24,13,10,0,Point,"[-3.678492, 40.4345973]"
167,Castellana 42,2,142,Paseo de la Castellana nº 42,1,0,24,8,15,0,Point,"[-3.6879154, 40.4334087]"
168,Fernando el Católico,1,127,Calle Fernando el Católico nº 19,1,0,24,18,4,0,Point,"[-3.708439, 40.4338516]"
169,Manuel Silvela,2,124,Calle Manuel Silvela nº 20,1,0,24,10,13,0,Point,"[-3.6993465, 40.4309524]"
170,Juan Bravo 50,0,144,Calle Juan Bravo nº 50,1,0,24,6,18,0,Point,"[-3.6758555, 40.4323655]"
171,Ortega y Gasset 87,2,145,Calle Ortega y Gasset nº 87,1,0,24,16,7,0,Point,"[-3.6712823, 40.429887]"
172,Colombia,0,160,Calle Colombia nº 7,1,0,24,2,20,1,Point,"[-3.6763439, 40.4572466]"
173,Paseo de la Habana 63,2,159,Paseo de la Habana nº 63,1,0,24,8,15,0,Point,"[-3.6835926, 40.4543852]"
174,Segovia 26,2,166,Calle Segovia nº 26,1,0,24,8,15,0,Point,"[-3.7135833, 40.4138333]"
175,Segovia 45,2,167,Calle Segovia nº 45,1,0,24,11,12,0,Point,"[-3.717487, 40.413736]"
176,Batalla del Salado,2,168,Paseo Santa María de la Cabeza nº 29,1,0,24,9,13,0,Point,"[-3.6959166, 40.4044722]"
177,Pirámides,2,169,Calle Toledo nº 181,1,0,24,8,11,0,Point,"[-3.7138055, 40.4016111]"
178,Paseo de la Esperanza,2,170,Paseo de la Esperanza nº 21,1,0,24,16,7,0,Point,"[-3.7043611, 40.401]"
179,Embajadores-Cáceres,2,171,Calle Embajadores nº 101,1,0,24,14,9,0,Point,"[-3.6983888, 40.39975]"
180,Delicias,0,172,Calle Bustamante nº 1,1,0,24,6,17,0,Point,"[-3.6935833, 40.4008888]"
181,Puente Praga,0,173,Paseo de la Esperanza nº 59,1,0,24,4,20,0,Point,"[-3.7023918, 40.3981798]"
182,Madrid Río-Yeserías,0,174,Paseo de Yeserías nº 45,1,0,27,7,19,0,Point,"[-3.7065277, 40.3974444]"
183,Jaime el Conquistador,2,175,Calle Jaime el Conquistador nº 30,1,0,21,12,8,0,Point,"[-3.6983055, 40.3962222]"
184,Beata,2,176,Calle Alicante nº 3,1,0,24,16,7,0,Point,"[-3.6937222, 40.39425]"
185,Legazpi,2,177,Calle Bolívar nº 3,1,0,24,12,12,0,Point,"[-3.6941944, 40.3914722]"
186,Junta Municipal Retiro,0,178,Calle León Gil de Palacio nº 3,1,0,24,5,19,0,Point,"[-3.6788343, 40.4029202]"
187,Puente de Vallecas,2,179,Avenida de la Albufera nº 6,1,0,24,10,12,0,Point,"[-3.66925, 40.3979722]"
188,Méndez Álvaro,2,180,Calle Retama nº 5,1,0,24,8,14,0,Point,"[-3.6758888, 40.3941388]"
189,Retiro-Ibiza,1,181,Calle Ibiza nº 18,1,0,27,18,6,0,Point,"[-3.6766111, 40.41825]"
190,Parque Roma,0,182,Calle Alcalde Sáinz de Baranda frente al nº 107,1,0,24,5,15,0,Point,"[-3.6657777, 40.4186666]"
191,Doctor Esquerdo-Hermosilla,0,183,Calle Hermosilla nº 135,1,0,24,2,21,0,Point,"[-3.669339, 40.425635]"
192,Marqués de Zafra,2,184,Paseo Marqués de Zafra nº 24,1,0,24,7,15,0,Point,"[-3.6653055, 40.426]"
193,Quinta Fuente del Berro,2,185,Calle Sancho Dávila esquina Paseo Marqués de Zafra,1,0,24,9,13,0,Point,"[-3.6615277, 40.4250833]"
194,General Pardiñas,0,186,Calle General Pardiñas nº 56,1,0,24,5,18,0,Point,"[-3.6782777, 40.4290555]"
195,Alcalá-Ventas,2,187,Calle Alejandro González nº 1,1,0,24,9,14,0,Point,"[-3.6638888, 40.4301666]"
196,Puente de Ventas,0,188,Avenida de Daroca nº 2,1,0,27,7,19,0,Point,"[-3.6590555, 40.4311944]"
197,Avenida Donostiarra,2,189,Calle Virgen de la Alegría nº 18,1,0,24,13,11,0,Point,"[-3.6554918, 40.4351256]"
198,Velázquez-Diego de León,2,190,Calle Velázquez nº 91,1,0,24,16,7,0,Point,"[-3.6835833, 40.4343333]"
199,Diego de león,2,191,Calle Alonso Heredia nº 1,1,0,18,5,11,0,Point,"[-3.674, 40.4346388]"
200,Avenida de los Toreros,2,192,Avenida de los Toreros nº 3,1,0,27,17,9,0,Point,"[-3.6714166, 40.4318611]"
201,Ventas,0,193,Avenida de los Toreros nº 49,1,0,27,7,17,0,Point,"[-3.6655555, 40.4324722]"
202,Avenida de América 2,0,194,Calle Francisco Silvela nº 86,1,0,24,5,17,0,Point,"[-3.6772222, 40.43725]"
203,Avenida de América 1,0,195,Calle Padre Indalecio Hernández nº 1,1,0,24,2,22,0,Point,"[-3.6754444, 40.4392222]"
204,Prosperidad,2,196,Calle Suero de Quiñones nº 2,1,0,24,10,10,0,Point,"[-3.6751388, 40.4441388]"
205,Parque Berlín,0,197,Avenida de Concha Espina nº 34,1,0,24,7,17,0,Point,"[-3.6780555, 40.4515833]"
206,Rubén Darío,2,198,Glorieta Rubén Darío 2,1,0,24,9,14,0,Point,"[-3.6915555, 40.4331111]"
207,Fernando el Católico,2,199,Calle Fernando el Católico nº 61,1,0,27,13,13,0,Point,"[-3.7149166, 40.4343611]"
208,Quevedo,1,200,Glorieta de Quevedo nº 5,1,0,24,18,5,0,Point,"[-3.7046666, 40.4336944]"
209,Canal,2,201,Calle José Abascal frente al nº 2,1,0,24,12,11,0,Point,"[-3.7038333, 40.4386944]"
210,Parque Santander,2,202,Calle Santander esquina con Avenida de Filipinas,1,0,24,15,7,0,Point,"[-3.7080833, 40.4411388]"
211,San Francisco de Sales,0,203,Calle General Ampudia nº 2,1,0,24,4,19,0,Point,"[-3.7144722, 40.44175]"
212,Cuatro Caminos 2,0,204,Calle Doctor Santero nº 1,1,0,24,2,20,0,Point,"[-3.7041666, 40.4476666]"
213,Estrecho,0,205,Calle Navarra nº 1,1,0,24,5,18,0,Point,"[-3.7032777, 40.4535]"
214,Metro Tetuán,2,206,Calle Marqués de Viana nº 3,1,0,24,16,7,0,Point,"[-3.6989925, 40.4607502]"
215,Remonta,0,207,Calle Azucenas nº 1,1,0,18,2,15,0,Point,"[-3.6973333, 40.4630277]"
216,Plaza de Castilla,2,208,Paseo de la Castellana nº 216,1,0,24,11,12,0,Point,"[-3.6886388, 40.4663611]"
217,Plaza de Castilla 2,1,209,Paseo Castellana (Fundación Canal),1,0,24,18,4,0,Point,"[-3.6887722, 40.4656779]"
218,Tres Cruces,0,210,Calle Tres Cruces nº 7,1,0,27,7,19,0,Point,"[-3.7026735, 40.419674]"
219,Desengaño,2,211,Calle Desengaño nº 1,1,0,24,10,8,0,Point,"[-3.70239, 40.42059]"
220,Marqués de Vadillo,2,212,Glorieta Marqués de Vadillo nº 9,1,0,24,12,10,1,Point,"[-3.716591, 40.398247]"
221,Glorieta de Cádiz,0,213,Calle Antonio López nº 129,1,0,24,7,16,0,Point,"[-3.70017, 40.38895]"
222,Condesa de Venadito,2,214,Calle Condesa de Venadito nº 2,1,0,24,13,10,0,Point,"[-3.65741, 40.44315]"
223,Gutierre de Cetina,1,215,Calle Gutierre de Cetina nº 77,1,0,24,18,5,0,Point,"[-3.640994, 40.429706]"
224,Puerta del Ángel,2,216,Plaza Puerta del Ángel nº 4,1,0,24,16,7,0,Point,"[-3.728318, 40.413764]"
225,Pedro Rico,2,217,Calle Pedro Rico nº 4,1,0,24,13,10,0,Point,"[-3.688463, 40.481086]"
226,Camino Vinateros,0,218,Calle Camino de los Vinateros nº 28,1,0,24,3,20,0,Point,"[-3.65779, 40.41053]"
227,Marroquina,2,219,Calle Camino de los Vinateros nº 108,1,0,24,10,13,0,Point,"[-3.646697, 40.408264]"
228,Plaza del Encuentro,2,220,Calle Arroyo de las Pilillas nº 6,1,0,24,12,11,0,Point,"[-3.65122, 40.40617]"
229,Pavones,2,221,Calle Hacienda de Pavones nº 342,1,0,24,8,14,0,Point,"[-3.634587, 40.400368]"
230,Antonio López,2,222,Calle Eugenio Caxes frente al nº 12,1,0,24,9,12,1,Point,"[-3.7026789, 40.3917871]"
231,Ermita Santo,2,223,Paseo de la Ermita del Santo nº 48,1,0,24,13,8,0,Point,"[-3.7244893989507686, 40.406837862773465]"
232,Caramuel,2,224,Calle Caramuel nº 51,1,0,24,14,9,0,Point,"[-3.728533714316331, 40.40913630273305]"
233,Doctor Lozano,2,225,Calle Sierra Toledana nº 33,1,0,24,9,13,0,Point,"[-3.660188083470652, 40.40248333540473]"
234,Sierra Toledana,2,226,Camino de Valderribas nº 94,1,0,24,10,14,0,Point,"[-3.6607768678037744, 40.39901531507069]"
235,San Delfín,1,228,Calle San Delfín nº 9,1,0,24,17,7,0,Point,"[-3.7080429728445563, 40.39440607959559]"
236,Concordia,0,227,Calle Arroyo del Olivar nº 6,1,0,24,6,16,0,Point,"[-3.6659362429356372, 40.39382977920336]"
237,C.D. Concepción,0,229,Calle Jose del Hierro nº 5,1,0,24,3,20,0,Point,"[-3.64835857929032, 40.43715089959262]"
238,Carlota O’Neill,0,230,Calle Carlota O'Neill nº 32,1,0,24,1,22,0,Point,"[-3.648958444298144, 40.44370542379883]"
239,Derechos Humanos,2,231,Calle Derechos Humanos nº 12,1,0,24,9,15,0,Point,"[-3.6557656204708775, 40.43965673033275]"
240,José María Pereda,2,232,Calle José María de Pereda nº 1,1,0,24,11,11,0,Point,"[-3.6485306152875148, 40.43272086245887]"
241,Marqués de Corbera 12,2,233,Avenida Marqués de Corbera nº 12,1,0,24,8,16,0,Point,"[-3.6555552857442697, 40.422962108947424]"
242,Marqués de Corbera 52,2,234,Avenida Marqués de Corbera nº 52,1,0,24,14,9,0,Point,"[-3.651034981803642, 40.426207143200884]"
243,Embajadores 191,0,235,Calle Sodio nº 1B,1,0,24,6,15,0,Point,"[-3.6903589643353483, 40.389258643579105]"
244,Paseo Imperial,2,236,Paseo Imperial nº 20,1,0,24,10,14,0,Point,"[-3.7172213778842007, 40.40765396169372]"
245,Pablo Iglesias,0,237,Calle Francisco Balseiro nº 1,1,0,24,3,15,0,Point,"[-3.710525, 40.451333]"
246,San Germán 5,2,238,Calle San Germán nº 5,1,0,24,12,11,0,Point,"[-3.6929376751795306, 40.45619382579544]"
247,Francos Rodríguez,0,239,Calle Francos Rodríguez nº 62,1,0,24,2,20,1,Point,"[-3.708002730875242, 40.45673408797698]"
248,Avenida Brasilia,2,240,Avenida de Brasilia frente al nº 9,1,0,24,13,10,0,Point,"[-3.66096, 40.43666]"
249,Camilo José Cela,0,241,Avenida de Camilo José Cela nº 23,1,0,24,4,20,0,Point,"[-3.66779, 40.4378]"
250,Avenida Bruselas,0,242,Avenida Bruselas nº 56,1,0,24,5,15,0,Point,"[-3.66301, 40.43865]"
251,Cartagena,2,243,Calle Cartagena nº 34,1,0,24,7,14,1,Point,"[-3.67012, 40.43503]"
252,Hospital Clínico,0,244,Calle Isaac Peral nº 44,1,0,24,6,18,0,Point,"[-3.71757, 40.44003]"
253,Galileo,0,245,Calle Galileo nº 63,1,0,24,6,15,0,Point,"[-3.71019, 40.4364]"
254,Santa Engracia 87,2,246,Calle Santa Engracia nº 87,1,0,24,13,10,0,Point,"[-3.69928, 40.43604]"
256,Torre Cepsa,2,248,Calle Sinesio Delgado nº 2,1,0,24,14,9,0,Point,"[-3.68797, 40.47435]"
257,Manuel Caldeiro,2,249,Paseo de la Castellana nº 298,1,0,24,16,7,0,Point,"[-3.68532, 40.47938]"
258,Serrano 113,2,250,Calle Serrano nº 113B,1,0,24,16,7,0,Point,"[-3.68609, 40.44106]"
259,Corazón de María,0,251,Calle Santa Hortensia nº 31,1,0,24,6,16,0,Point,"[-3.66683, 40.44421]"
260,Chamartín,2,252,Calle Rodríguez Jaén nº 40,1,0,24,7,15,0,Point,"[-3.68391, 40.4716]"
261,Doctor Fleming,2,253,Calle Doctor Fleming nº 7,1,0,21,11,9,0,Point,"[-3.68844, 40.45546]"
262,Pío XII,2,254,Avenida Pío XII nº 3,1,0,24,11,12,0,Point,"[-3.67712, 40.46041]"
263,López Pozas,2,255,Calle General López Pozas nº 2,1,0,24,7,15,0,Point,"[-3.68514, 40.46361]"
264,Reina Victoria,0,256,Calle Beatriz de Bobadilla frente al nº 2,1,0,24,1,21,0,Point,"[-3.71383, 40.44635]"
265,INEF,2,257,Avenida Juan de Herrera frente a la calle Paul Guinard,1,0,24,14,9,0,Point,"[-3.72997, 40.43896]"
266,Ciudad Universitaria 1,0,258,Avenida de la Complutense (Metro Ciudad Universitaria),1,0,24,0,24,0,Point,"[-3.72699, 40.44375]"
267,Ciudad Universitaria 2,2,259,Avenida de la Complutense (Metro Ciudad Universitaria),1,0,24,12,12,0,Point,"[-3.72693, 40.44342]"
268,Facultad Biología,2,260,Calle José Antonio Novais frente al nº 12,1,0,24,9,14,0,Point,"[-3.7272945, 40.4483322]"
269,Facultad Derecho,0,261,Avenida Complutense nº 23,1,0,24,5,18,0,Point,"[-3.72937, 40.45109]"
270,Zurbano,0,247,Calle Zurbano nº 90,1,0,24,6,15,0,Point,"[-3.69281, 40.43837]"
